Navn;Posisjon;avstand1;skudd1;avstand2;skudd2;avstand3;skudd3;skudd4
Kristoffer sand;90;501;0;803;1;1003;0;0
Torbj�rn Halvorsen ;85;508;1;790;1;1009;1;0
Stian Ngo;75;498;0;795;0;1021;1;0
Joar Varpe;70;500;1;801;1;1016;0;0
Ghafour Altinawi;60;490;0;816;0;1003;1;0
Thomas Brinck-Mortensen;50;514;0;817;0;993;0;1
Anders Rui;40;509;1;825;0;984;0;1
Sondre Glimsdal;30;505;1;813;1;989;0;1
Even Vardaasen;20;499;1;804;0;1001;1;0
Magnus Ranestad;15;490;0;792;0;995;0;1
Theodor Middelton ;10;489;1;783;0;1004;1;0
Aleksander Hjelm�s;5;509;0;786;1;1016;0;1
Sebastian Steenfeldt;0;519;0;794;0;1023;0;1
