Navn;Posisjon;avstand1;skudd1;avstand2;skudd2;avstand3;skudd3;skudd4
Kristoffer Sand;90;515;1;811;1;1023;0;1
Christopher Olsen;85;510;0;804;0;1018;1;1
Eirik Vinje;80;510;1;810;0;1014;0;0
Kevin Johansen;70;503;1;801;0;1013;0;0
Henrik Ormseth;65;500;0;794;0;1006;0;0
Sebastian Steenfeldt;60;498;0;799;0;1009;0;0
H�kon Kittilsen;55;504;1;806;0;1002;0;0
Stian Ngo;50;510;1;810;1;1008;1;1
Theodor Middleton;45;510;1;805;1;999;1;1
Sondre Glimsdal;40;515;1;815;1;1005;1;1
Kasper Akerholt;35;503;1;815;0;1008;1;1
Leonard Ekerhovd;30;510;0;807;0;1003;1;1
Ingmar Djuvsland;25;510;1;814;1;1008;0;0
Ghafour Altinawi;20;500;0;812;0;1003;0;0
Magnus Ranestad;15;515;1;808;0;1010;1;1
Aleksander Hjelm�s;10;515;1;815;1;1020;1;0
Anders Rui;5;510;0;809;1;1016;1;1
Joar Varpe;0;515;1;817;1;1018;1;1
