Navn;Posisjon;avstand1;skudd1;avstand2;skudd2;avstand3;skudd3;skudd4
Torbj�rn Halvorsen;85;513;1;806;1;995;1;0
Christopher Olsen;80;509;1;810;0;990;1;1
H�kon Kittilsen;70;492;1;802;0;983;0;0
Ghafour Altinawi;65;503;0;805;0;1000;0;0
Sebastian Steenfeldt;60;498;0;793;0;993;0;0
Even Vardaasen;55;511;0;805;1;1005;1;1
Sondre Glimsdal;50;520;1;811;1;1010;1;1
Thomas Brinck-Mortensen;45;501;0;784;1;1003;0;0
Stian Ngo;40;511;0;808;1;1013;1;1
Henrik Ormseth;35;493;0;800;0;1008;0;0
Leonard Ekerhovd;30;508;1;816;0;1011;0;1
Theodor Middleton;25;513;1;824;1;1016;1;0
Anders Rui;20;518;1;818;1;1005;1;0
Magnus Ranestad;15;512;1;813;0;998;0;0
Joar Varpe;10;519;1;809;1;1011;1;1
