Navn;Posisjon;avstand1;skudd1;avstand2;skudd2;avstand3;skudd3;skudd4
Christopher Olsen;95;514;1;816;1;998;0;0
Torbj�rn Halvorsen;90;512;0;813;1;1002;1;1
Eirik Vinje;85;501;1;804;0;995;0;0
Sebastian Steenfeldt;80;495;1;795;0;987;0;0
Daniel Sindland;70;499;0;803;0;990;1;0
Kevin Johansen;65;492;0;797;0;1002;0;0
Ghafour Altinawi;60;499;0;808;1;999;0;0
Theodor Middleton;55;505;1;815;1;1006;1;1
Thomas Brinck-Mortensen;50;490;0;799;0;997;0;1
Stian Ngo;45;509;1;809;0;1011;0;1
Sondre Glimsdal;40;515;0;818;1;1011;1;1
Ingmar Djuvsland;35;510;1;810;0;1001;1;0
Even Vardaasen;30;517;1;814;1;1009;1;0
Henrik Ormseth;25;508;0;801;0;991;0;0
Leonard Ekerhovd;20;503;0;809;0;1003;0;0
Aleksander Hjelm�s;15;508;1;813;1;1006;1;0
Magnus Ranestad;10;505;0;805;1;1006;1;1
Anders Rui;5;511;0;801;0;1001;0;1
Joar Varpe;0;504;1;810;1;1015;0;1
