Navn;Posisjon;avstand1;skudd1;avstand2;skudd2;avstand3;skudd3;skudd4
Christopher Olsen;90;509;1;812;1;1021;0;0
Eirik Vinje;85;515;0;782;0;1002;0;1
H�kon Kittilsen;75;516;0;791;0;1018;0;0
Thomas Brinck-Mortensen;70;502;0;793;0;998;0;1
Theodor Middleton;65;508;1;802;1;982;1;0
Magnus Ranestad;60;486;0;831;0;974;0;1
Anders Rui;55;497;1;821;1;993;1;0
Ghafour Altinawi;50;501;0;824;1;1002;0;0
Sebastian Steenfeldt;45;519;0;814;0;1012;0;0
Kasper Akerholt;40;512;0;802;0;1017;0;1
Stian Ngo;35;514;1;791;1;1009;0;0
Sondre Glimsdal;30;494;1;794;1;1003;1;0
Daniel Sindland;25;499;0;784;0;1015;0;1
Henrik Ormseth;20;486;0;801;1;994;0;0
Leonard Ekerhovd;15;512;1;809;0;982;0;1
Aleksander Hjelm�s;10;510;0;813;1;979;1;0
Christian Sletner;5;504;1;810;0;1000;0;0
Ingmar Djuvsland;0;516;1;798;0;987;0;0
