Navn;Posisjon;avstand1;skudd1;avstand2;skudd2;avstand3;skudd3;skudd4
Eirik Vinje;90;497;0;804;1;992;0;0
Kristoffer Sand;85;480;1;813;0;1003;1;0
Henrik Ormseth;75;502;0;817;0;1024;1;0
Even Vardaasen;65;510;1;806;0;1013;1;0
Sondre Glimsdal;55;513;1;789;1;997;1;1
Anders Rui;45;503;0;795;1;1005;0;1
Thomas Brinck-Mortensen;40;479;0;802;0;992;1;0
Stian Ngo;35;484;1;783;0;987;1;0
Chirstian Sletner;40;492;0;809;0;1001;0;0
Ghafour Altinawi;30;505;0;816;0;1012;0;1
Leonard Ekerhovd;20;512;0;811;1;1014;1;0
Magnus Ranestad;10;501;0;791;0;984;0;0
Kasper Akerholt;5;496;1;817;0;995;0;0
Joar Varpe;0;521;1;819;1;1006;1;0
