Navn;Posisjon;avstand1;skudd1;avstand2;skudd2;avstand3;skudd3;skudd4
Eirik Vinje;90;492;0;838;1;998;0;1
Torbj�rn Halvorsen;85;498;1;819;0;1023;1;1
Kristoffer sand;80;506;1;816;1;1042;0;0
Henrik Ormseth ;75;486;0;802;0;1029;1;0
Ghafour Altinawi;70;488;0;792;0;1008;1;0
Stian Ngo;65;499;1;768;0;1002;0;1
Magnus Ranestad ;60;508;0;808;0;1014;0;0
Kevin Johansen;55;519;0;777;1;987;0;0
Sondre Glimsdal;50;508;1;832;1;992;0;1
Thomas Brinck-mortensen;45;503;0;837;0;972;1;0
Anders Rui;40;496;1;812;0;979;0;1
Even Vardaasen;35;492;0;819;1;1010;0;1
Ingmar Djuvsland;30;510;0;801;1;1024;0;0
Christian Sletner;25;507;0;789;0;1049;0;0
Theodor Middelton;20;496;1;805;0;1003;1;0
Daniel Sindland;15;490;0;809;0;985;1;0
Leonard Ekerhovd;10;495;0;777;1;993;0;1
Aleksander Hjelm�s;5;501;0;786;0;1009;1;0
Joar Varpe;0;505;1;802;0;1022;0;1
