Navn;Posisjon;avstand1;skudd1;avstand2;skudd2;avstand3;skudd3;skudd4
Torbj�rn Halvorsen;90;502;1;840;1;989;0;1
Kristoffer Sand;85;498;0;832;0;1017;1;0
Christopher Olsen;80;501;1;816;1;1032;0;0
Eirik Vinje;75;486;0;744;0;1029;1;0
Thomas Brinck-Mortensen;70;488;0;720;0;1009;0;0
Kevin Johansen;65;492;0;768;0;1008;0;0
Ingmar Djuvsland;60;496;1;808;0;994;0;0
Alexandra Haver;50;501;0;776;0;987;0;0
Sondre Glimsdal;45;508;1;848;1;993;1;1
Even Vardaasen;40;503;1;837;1;983;1;0
Kasper Akerholt;35;486;1;811;0;979;0;0
Theodor Middleton;30;497;1;825;1;1009;0;1
Aleksander Hjelm�s;25;501;0;819;1;1021;1;0
Anders Rui;20;507;1;831;1;1025;0;0
Leonard Ekerhovd;15;496;0;815;1;1005;0;0
Pernille Andersen;10;494;1;809;0;1001;1;0
Magnus Ranestad;5;495;0;801;0;990;0;1
Joar Varpe;0;503;1;824;1;1003;1;1
;;;;;;;;
;;;;;;;;
;;;;;;;;
;;;;;;;;
;;;;;;;;
;; ;;;;;;
